filename,size_bytes,sha256,pdf_pages
CTET Paper-1 August 2023.pdf,881428,a9caa2bdc5b33307a8c6b36f8a4df72cd4909f72cf6739feb71c4c08606b10b7,48
CTET Paper-1 December 2018.pdf,1080735,9a882a02bdeaeb70bdff08d5a761620deaf07b03f0c6d88f76949288a2f07162,38
CTET Paper-1 December 2019.pdf,781682,69699aab2b0a17ad736d309dc20d33e9d7f48536b7a771079ee78ba6dd3b59db,42
CTET Paper-1 December 2021.pdf,819965,d2b6a3e421a2493ae8772dcfbe8cb322926e75c852cae5ff1d29895d4c47010f,41
CTET Paper-1 December 2024.pdf,426315,4441b39df6a8b260505640bd3cb8e73032ab471b9905791398e56308000a01bc,48
CTET Paper-1 February 2014.pdf,457259,243f770fba4958f95282e1e28db36b9cf6a04b26600dd471c25556954ef4cf81,22
CTET Paper-1 February 2015.pdf,430399,9e50cb327ede8fdf7801926ef94556259640dccfb771fd32e0e83632fc2d39c8,20
CTET Paper-1 February 2016.pdf,464615,34bb1d44f6a067bf33fd112c9878a2e59ab8bd821b3f2f08b7f487bd74cea0bd,22
CTET Paper-1 January 2012.pdf,431817,72a9c7ca8b9d573246bba2bf136ee9011aada02540b6639b0731169ee282f088,21
CTET Paper-1 January 2021.pdf,773686,77ceb9af6f07946ec1aec826481cea84015c4ef03392a249804611d1e6539ca5,41
CTET Paper-1 January 2023.pdf,686701,b6bd43badba51aef3fb337ef6fd3c7208543c750f006b5e046274b080010ba12,30
CTET Paper-1 January 2024.pdf,822228,5c486628ae7bc9482c70398d64e831b709fe2d04e8e3b22583613ca85cd5b044,48
CTET Paper-1 July 2013.pdf,392333,994ea79f6819a530d5bac09e0de10d9a456eac7c1632fdbc9dcc701a5371c89e,18
CTET Paper-1 July 2019.pdf,786339,0b8367bf4f171a0d054e6c4b7647202962f53ff75451c00fd6f003121749cbb5,48
CTET Paper-1 July 2024.pdf,419455,36547ab1b2f51b5b4e2adc7bd214fe26efef9187ebb9951bd1ba1d6014403e95,48
CTET Paper-1 June 2011.pdf,442469,8e87aa246e213d8e942d0e8baf2f053b05a5c271b54ba1e98c19442a408f7173,23
CTET Paper-1 November 2012.pdf,437219,7bf4bea2c88759a7d58b20d74dbef2e6e9766a255cdb29bc413613e072cba32d,20
CTET Paper-1 September 2014.pdf,373424,48f3971ef9546cf71a60728c745f3b83a1a29db80ddda8725d67329d8148578f,17
CTET Paper-1 September 2015.pdf,408313,7a0c8725fe26580d352e528a1ea726eb3d070d847c5748ce86778541b80b7917,20
CTET Paper-1 September 2016.pdf,499744,6ed59673831aad1f8f2ab684f612ff00b07da596eba39ba3e9338623a8c14b99,23
CTET Paper-2 December 2024.pdf,1492406,affb50d6b70c782c08e2577fe4c81ad8cf7a6ad006fd444c71d506c1aa4c6f86,80
CTET Paper-2 July 2024.pdf,609459,7fc5f23da945f963919e4d9cfd6e765ed5e00f5737878ca702948796843c6dae,80
CTET Paper-2 Maths Science August 2023.pdf,790402,f171afece4855dd3c3fe2153a16e83f214661ffa58de89d0d70d5445e8ff6fd7,44
CTET Paper-2 Maths Science December 2018.pdf,603789,ffa3f39c57464a9b6a216ab647eb128441531aa48741d7b4727cd33b8b715c70,34
CTET Paper-2 Maths Science December 2019.pdf,704947,8031b03c64ebb9826548af8b61abf33543c50cc0b4ce07337e7e03a710b52492,40
CTET Paper-2 Maths Science December 2021.pdf,764761,c78ea2b96992d42b3664e844f1b6de1d8cf9a83a71718d954d08dee5af363143,40
CTET Paper-2 Maths Science February 2014.pdf,481317,2ccc6df102766744b03642665d3777e68bef12b59802321d2c71bde8dbda5c61,24
CTET Paper-2 Maths Science February 2015.pdf,430514,0fe026da84830fda8986ec545cacc8214904c10427c94ac238907024046cae3c,23
CTET Paper-2 Maths Science February 2016.pdf,455260,bc40c25ff62cb642a9caa64f86debcd98ee31fdfbbaedbf5d65453aa640e2bf6,22
CTET Paper-2 Maths Science January 2012.pdf,460660,f2a1966eb5b7745157ff37d1a2de04fcfe5897559594dac9dbb72428be6797e6,24
CTET Paper-2 Maths Science January 2021.pdf,782278,7a998fed9fa2abaa0aa47f99064bad2ec27120a2dd69520400f0e4d5bcf9d17c,48
CTET Paper-2 Maths Science January 2023.pdf,526400,51b4874273d6ffbd39677c72448befe53b1e2dbdce3dcc5d23e86caee46202d6,26
CTET Paper-2 Maths Science January 2024.pdf,839079,316a4680064859ba5e052033ef56a0339eea97a6d53f510c9bb59407989ba31c,48
CTET Paper-2 Maths Science July 2013.pdf,425152,75eac270d6f6df28f357ee1be8e9d13963a7aa87096d32f993da7f0a46fcb00d,22
CTET Paper-2 Maths Science July 2019.pdf,769336,3020a33367ac6032cf28102b143684bd3b1d0069d10be81d13f838ad39227260,46
CTET Paper-2 Maths Science June 2011.pdf,610926,2ed2bec2c7845cc6eb0a5c45d9c021e1522eb351153c906c3140949e870dfc90,25
CTET Paper-2 Maths Science November 2012.pdf,457428,08b2060c285fd54aa9e8acad45da6df753f7f63fcc93fbf9784f2d4e89572a4d,23
CTET Paper-2 Maths Science September 2014.pdf,439542,8192de53c446731b577d6e75ac21e528c29e16c26120b5ee8cb16955d0ae4194,23
CTET Paper-2 Maths Science September 2015.pdf,426591,c7ad144387a5618f2253509c841324b9b4da14a0e63c5edcb51ac58774e1880b,23
CTET Paper-2 Maths Science September 2016.pdf,471241,4d0094aea07d45cbe69883fbf915d0e00b095129f6eaebdcf59bd5881724e821,24
CTET Paper-2 SST August 2023.pdf,811095,d37a54fa565374ab6cdb47db13a69af23315851c1da8554bd27c0c2d44d9dfc7,48
CTET Paper-2 SST December 2018.pdf,720605,0f0fe324e256e2838b2ea6e219b0082490d454447ea36f0007a203375fb3ac5d,34
CTET Paper-2 SST December 2019.pdf,725751,cee3ca01a4db4589f1dd0aceb5e4d96197200c8a6ee63debf7aa1791d2ff26e1,40
CTET Paper-2 SST December 2021.pdf,705109,391a8c08e35d42c8758ae35ef53d19bf6b6b4d0a4fbdd889b2b7385aae5ab912,35
CTET Paper-2 SST February 2014.pdf,461966,fe0d81bb9bd221250e348324636203e201fc25ff60d0abb54af4868706adf360,20
CTET Paper-2 SST February 2015.pdf,395981,059ae0002cbd6f0e2610ebe7bf1375be8fc4136586c263e91f07956caa3b768b,20
CTET Paper-2 SST February 2016.pdf,422566,1be994458952efecafce326952227bdfcbe40639ac238278b3f24dec8954050c,20
CTET Paper-2 SST January 2012.pdf,388117,2e9612091b246ce6250033edc450c0e9a1c1d339fa12b1a6b86954d657c0ffb8,19
CTET Paper-2 SST January 2021.pdf,823802,8605babb2cfd2d0774bb6dee8a2b4ff239f04b8d174b7f3375c41b00d238563d,48
CTET Paper-2 SST January 2023.pdf,620872,ea0d4c8fd17e335e2a8075f4b519e4578fdcfae1a1916ad88a2aaf0d2c44567d,29
CTET Paper-2 SST January 2024.pdf,866612,0257c8df923a2d038914e75b92e12391668f0394cf02f54cfffa080358b9ad5f,48
CTET Paper-2 SST July 2013.pdf,397298,fff91d75f7611419ca48d06660559013fe46eeb520cb75004073b378ffb7a25f,20
CTET Paper-2 SST July 2019.pdf,755406,b01303e8ea5c68ac525c5fd77de377fa1d47f304dd662a411cf652aa98d43c0d,44
CTET Paper-2 SST June 2011.pdf,425052,db63ab2dbaaa36cfef1fa9ec24f1f069d800c237f41167c44eb21d91a53fe210,20
CTET Paper-2 SST November 2012.pdf,401792,f7f1390fd78c9ebd8b9e60ee21c26ab2e6ad43b029cf6938ad63531b995a2130,20
CTET Paper-2 SST September 2014.pdf,539929,dec581123b5abb9a984aa470ae547e07057456b0e0735bb35dd9b16c7418cfae,21
CTET Paper-2 SST September 2015.pdf,394810,85b56056f9e6902b39b1d5bc03cb585c3689f84584a9a1974229e158a94e370f,19
CTET Paper-2 SST September 2016.pdf,478016,f5661e0ee5b49957f8ecfb9bcd74e1b439fa5c83d7164893b2490b431f3e7242,24
